{
  "sharpe": 17.963587885936093,
  "sortino": 17.963587885936093,
  "max_drawdown": 0.0,
  "win_rate": 91.66666666666666
}